person_id,membership_level
1,Gold
2,Silver
3,Platinum
4,Standard
5,Gold
6,Platinum
7,Standard
8,Silver
9,Gold
10,Platinum
11,Standard
12,Gold
13,Silver
14,Platinum
15,Standard
16,Gold
17,Silver
18,Platinum
19,Standard
20,Gold
21,Platinum
22,Standard
23,Silver
24,Gold
25,Platinum
26,Standard
27,Gold
28,Silver
29,Platinum
30,Standard
31,Gold
32,Platinum
33,Standard
34,Silver
35,Gold
36,Platinum
37,Standard
38,Gold
39,Silver
40,Platinum
41,Standard
42,Gold
43,Silver
44,Platinum
45,Standard
46,Gold
47,Platinum
48,Standard
49,Silver
50,Gold
