person_id,email
1,john.doe@example.com
2,sarah.smith@sportmail.org
3,michael.jones@athlete.net
4,emily.brown@sportsmail.com
5,david.wilson@performance.io
6,jessica.taylor@training.org
7,daniel.anderson@fitnet.com
8,laura.thomas@active.co
9,james.jackson@runner.net
10,olivia.white@olympus.org
11,robert.harris@sportshub.com
12,sophia.martin@athleteplus.io
13,william.garcia@kinesis.org
14,isabella.martinez@vitality.com
15,charles.robinson@endurance.net
16,mia.clark@motion.org
17,thomas.rodriguez@speed.com
18,charlotte.lewis@powerfit.io
19,christopher.lee@kinetic.org
20,amelia.walker@fitpro.com
21,matthew.hall@stamina.net
22,harper.allen@apex.org
23,anthony.young@athletezone.com
24,evelyn.hernandez@cardio.io
25,mark.king@velocity.org
26,abigail.wright@fitlife.com
27,steven.scott@ironman.net
28,emily.torres@peak.org
29,andrew.nguyen@prosport.com
30,elizabeth.hill@triathlon.io
31,joshua.flores@champion.org
32,sofia.green@gymnast.com
33,kevin.adams@fighter.net
34,camila.nelson@runner.org
35,brian.baker@crossfit.com
36,gianna.hall@athlete.io
37,edward.rivera@sport.org
38,aria.campbell@active.net
39,ronald.mitchell@fit.com
40,scarlett.carter@vital.io
41,timothy.roberts@power.org
42,victoria.gomez@swift.com
43,jason.phillips@motion.net
44,madison.evans@endurance.io
45,jeffrey.turner@speed.org
46,luna.diaz@kinesis.com
47,ryan.parker@peak.net
48,grace.cruz@stamina.org
49,gary.edwards@apex.com
50,chloe.collins@athletezone.io
